time,retentate conc.
(s),(mM/L)
0,NaN
5,NaN
10,NaN
15,NaN
20,NaN
25,NaN
30,NaN
35,NaN
40,NaN
45,NaN
50,NaN
55,NaN
60,NaN
65,NaN
70,NaN
75,NaN
80,NaN
85,NaN
90,NaN
95,NaN
100,NaN
105,NaN
110,NaN
115,NaN
120,NaN
125,NaN
130,NaN
135,NaN
140,NaN
145,NaN
150,NaN
155,NaN
160,NaN
165,NaN
170,NaN
175,NaN
180,NaN
185,NaN
190,NaN
195,NaN
200,NaN
205,NaN
210,NaN
215,NaN
220,NaN
225,NaN
230,NaN
235,NaN
240,NaN
245,NaN
250,14.16222781
255,NaN
260,NaN
265,NaN
270,NaN
275,NaN
280,NaN
285,NaN
290,NaN
295,NaN
300,NaN
305,NaN
310,NaN
315,NaN
320,NaN
325,NaN
330,NaN
335,NaN
340,NaN
345,NaN
350,NaN
355,NaN
360,NaN
365,NaN
370,NaN
375,NaN
380,15.20517956
385,NaN
390,NaN
395,NaN
400,NaN
405,NaN
410,NaN
415,NaN
420,NaN
425,NaN
430,NaN
435,NaN
440,NaN
445,NaN
450,NaN
455,NaN
460,NaN
465,NaN
470,NaN
475,NaN
480,NaN
485,NaN
490,NaN
495,NaN
500,NaN
505,NaN
510,NaN
515,NaN
520,NaN
525,NaN
530,NaN
535,NaN
540,NaN
545,NaN
550,NaN
555,NaN
560,NaN
565,NaN
570,NaN
575,NaN
580,NaN
585,NaN
590,NaN
595,NaN
600,NaN
605,NaN
610,NaN
615,NaN
620,NaN
625,NaN
630,NaN
635,NaN
640,NaN
645,NaN
650,NaN
655,NaN
660,NaN
665,NaN
670,NaN
675,NaN
680,NaN
685,NaN
690,NaN
695,NaN
700,NaN
705,NaN
710,NaN
715,NaN
720,NaN
725,NaN
730,NaN
735,NaN
740,NaN
745,NaN
750,NaN
755,NaN
760,NaN
765,NaN
770,NaN
775,NaN
780,NaN
785,NaN
790,NaN
795,NaN
800,NaN
805,NaN
810,NaN
815,NaN
820,NaN
825,NaN
830,NaN
835,NaN
840,NaN
845,NaN
850,NaN
855,NaN
860,NaN
865,NaN
870,NaN
875,NaN
880,NaN
885,NaN
890,NaN
895,NaN
900,NaN
905,NaN
910,NaN
915,NaN
920,NaN
925,NaN
930,NaN
935,NaN
940,NaN
945,NaN
950,NaN
955,NaN
960,NaN
965,NaN
970,NaN
975,NaN
980,NaN
985,NaN
990,NaN
995,NaN
1000,20.17925714
1005,NaN
1010,NaN
1015,NaN
1020,NaN
1025,NaN
1030,NaN
1035,NaN
1040,NaN
1045,NaN
1050,NaN
1055,NaN
1060,NaN
1065,NaN
1070,NaN
1075,NaN
1080,NaN
1085,NaN
1090,NaN
1095,NaN
1100,NaN
1105,NaN
1110,NaN
1115,NaN
1120,NaN
1125,NaN
1130,NaN
1135,NaN
1140,NaN
1145,NaN
1150,NaN
1155,NaN
1160,NaN
1165,NaN
1170,NaN
1175,NaN
1180,NaN
1185,NaN
1190,NaN
1195,NaN
1200,NaN
1205,NaN
1210,NaN
1215,NaN
1220,NaN
1225,NaN
1230,NaN
1235,NaN
1240,NaN
1245,NaN
1250,NaN
1255,NaN
1260,NaN
1265,NaN
1270,NaN
1275,NaN
1280,NaN
1285,NaN
1290,NaN
1295,NaN
1300,NaN
1305,NaN
1310,NaN
1315,NaN
1320,NaN
1325,NaN
1330,NaN
1335,NaN
1340,NaN
1345,NaN
1350,NaN
1355,NaN
1360,NaN
1365,NaN
1370,NaN
1375,NaN
1380,NaN
1385,NaN
1390,NaN
1395,NaN
1400,NaN
1405,NaN
1410,NaN
1415,NaN
1420,NaN
1425,NaN
1430,NaN
1435,NaN
1440,NaN
1445,NaN
1450,NaN
1455,NaN
1460,NaN
1465,NaN
1470,NaN
1475,NaN
1480,NaN
1485,NaN
1490,NaN
1495,NaN
1500,NaN
1505,NaN
1510,NaN
1515,NaN
1520,NaN
1525,NaN
1530,NaN
1535,NaN
1540,NaN
1545,NaN
1550,NaN
1555,NaN
1560,NaN
1565,NaN
1570,NaN
1575,NaN
1580,NaN
1585,NaN
1590,NaN
1595,NaN
1600,NaN
1605,NaN
1610,NaN
1615,NaN
1620,NaN
1625,NaN
1630,NaN
1635,NaN
1640,NaN
1645,NaN
1650,NaN
1655,NaN
1660,NaN
1665,NaN
1670,NaN
1675,NaN
1680,NaN
1685,NaN
1690,NaN
1695,NaN
1700,NaN
1705,NaN
1710,NaN
1715,NaN
1720,NaN
1725,NaN
1730,NaN
1735,NaN
1740,NaN
1745,NaN
1750,NaN
1755,NaN
1760,NaN
1765,NaN
1770,NaN
1775,NaN
1780,NaN
1785,NaN
1790,NaN
1795,NaN
1800,NaN
1805,NaN
1810,NaN
1815,NaN
1820,NaN
1825,NaN
1830,NaN
1835,NaN
1840,NaN
1845,NaN
1850,27.74228235
1855,NaN
1860,NaN
1865,NaN
1870,NaN
1875,NaN
1880,NaN
1885,NaN
1890,NaN
1895,NaN
1900,NaN
1905,NaN
1910,NaN
1915,NaN
1920,NaN
1925,NaN
1930,NaN
1935,NaN
1940,NaN
1945,NaN
1950,NaN
1955,NaN
1960,NaN
1965,NaN
1970,NaN
1975,NaN
1980,NaN
1985,NaN
1990,NaN
1995,NaN
2000,NaN
2005,NaN
2010,NaN
2015,NaN
2020,NaN
2025,NaN
2030,NaN
2035,NaN
2040,NaN
2045,NaN
2050,NaN
2055,NaN
2060,NaN
2065,NaN
2070,NaN
2075,NaN
2080,NaN
2085,NaN
2090,NaN
2095,NaN
2100,NaN
2105,NaN
2110,NaN
2115,NaN
2120,NaN
2125,NaN
2130,NaN
2135,NaN
2140,NaN
2145,NaN
2150,NaN
2155,NaN
2160,NaN
2165,NaN
2170,NaN
2175,NaN
2180,NaN
2185,NaN
2190,NaN
2195,NaN
2200,NaN
2205,NaN
2210,NaN
2215,NaN
2220,NaN
2225,NaN
2230,NaN
2235,NaN
2240,NaN
2245,NaN
2250,NaN
2255,NaN
2260,NaN
2265,NaN
2270,NaN
2275,NaN
2280,NaN
2285,NaN
2290,NaN
2295,NaN
2300,31.0364
2305,NaN
2310,NaN
2315,NaN
2320,NaN
2325,NaN
2330,NaN
2335,NaN
2340,NaN
2345,NaN
2350,NaN
2355,NaN
2360,NaN
2365,NaN
2370,NaN
2375,NaN
2380,NaN
2385,NaN
2390,NaN
2395,NaN
2400,NaN
2405,NaN
2410,NaN
2415,NaN
2420,NaN
2425,NaN
2430,NaN
2435,NaN
2440,NaN
2445,NaN
2450,NaN
2455,NaN
2460,NaN
2465,NaN
2470,NaN
2475,NaN
2480,NaN
2485,NaN
2490,NaN
2495,NaN
2500,NaN
2505,NaN
2510,NaN
2515,NaN
2520,NaN
2525,NaN
2530,NaN
2535,NaN
2540,NaN
2545,NaN
2550,NaN
2555,NaN
2560,NaN
2565,NaN
2570,NaN
2575,NaN
2580,NaN
2585,NaN
2590,NaN
2595,NaN
2600,NaN
2605,NaN
2610,NaN
2615,NaN
2620,NaN
2625,NaN
2630,NaN
2635,NaN
2640,NaN
2645,NaN
2650,NaN
2655,NaN
2660,NaN
2665,NaN
2670,NaN
2675,NaN
2680,NaN
2685,NaN
2690,NaN
2695,NaN
2700,NaN
2705,NaN
2710,NaN
2715,NaN
2720,NaN
2725,NaN
2730,NaN
2735,NaN
2740,NaN
2745,NaN
2750,NaN
2755,NaN
2760,NaN
2765,NaN
2770,NaN
2775,NaN
2780,NaN
2785,NaN
2790,NaN
2795,NaN
2800,34.73451321
2805,NaN
2810,NaN
2815,NaN
2820,NaN
2825,NaN
2830,NaN
2835,NaN
2840,NaN
2845,NaN
2850,NaN
2855,NaN
2860,NaN
2865,NaN
2870,NaN
2875,NaN
2880,NaN
2885,NaN
2890,NaN
2895,NaN
2900,NaN
2905,NaN
2910,NaN
2915,NaN
2920,NaN
2925,NaN
2930,NaN
2935,NaN
2940,NaN
2945,NaN
2950,NaN
2955,NaN
2960,NaN
2965,NaN
2970,NaN
2975,NaN
2980,NaN
2985,NaN
2990,NaN
2995,NaN
3000,NaN
3005,NaN
3010,NaN
3015,NaN
3020,NaN
3025,NaN
3030,NaN
3035,NaN
3040,NaN
3045,NaN
3050,NaN
3055,NaN
3060,NaN
3065,NaN
3070,NaN
3075,NaN
3080,NaN
3085,NaN
3090,NaN
3095,NaN
3100,NaN
3105,NaN
3110,NaN
3115,NaN
3120,NaN
3125,NaN
3130,NaN
3135,NaN
3140,NaN
3145,NaN
3150,NaN
3155,NaN
3160,NaN
3165,NaN
3170,NaN
3175,NaN
3180,NaN
3185,NaN
3190,NaN
3195,NaN
3200,NaN
3205,NaN
3210,NaN
3215,NaN
3220,NaN
3225,NaN
3230,NaN
3235,NaN
3240,NaN
3245,NaN
3250,NaN
3255,NaN
3260,NaN
3265,NaN
3270,NaN
3275,NaN
3280,NaN
3285,NaN
3290,NaN
3295,NaN
3300,NaN
3305,NaN
3310,NaN
3315,NaN
3320,NaN
3325,NaN
3330,NaN
3335,NaN
3340,NaN
3345,NaN
3350,NaN
3355,NaN
3360,NaN
3365,NaN
3370,NaN
3375,NaN
3380,NaN
3385,NaN
3390,NaN
3395,NaN
3400,NaN
3405,NaN
3410,NaN
3415,NaN
3420,NaN
3425,NaN
3430,NaN
3435,NaN
3440,NaN
3445,NaN
3450,NaN
3455,NaN
3460,NaN
3465,NaN
3470,NaN
3475,NaN
3480,NaN
3485,NaN
3490,NaN
3495,NaN
3500,NaN
3505,NaN
3510,NaN
3515,NaN
3520,NaN
3525,NaN
3530,NaN
3535,NaN
3540,NaN
3545,NaN
3550,NaN
3555,NaN
3560,NaN
3565,NaN
3570,NaN
3575,NaN
3580,NaN
3585,NaN
3590,NaN
3595,NaN
3600,NaN
3605,NaN
3610,NaN
3615,NaN
3620,NaN
3625,NaN
3630,NaN
3635,NaN
3640,NaN
3645,NaN
3650,NaN
3655,NaN
3660,NaN
3665,NaN
3670,NaN
3675,NaN
3680,NaN
3685,NaN
3690,NaN
3695,NaN
3700,42.10616744
3705,NaN
3710,NaN
3715,NaN
3720,NaN
3725,NaN
3730,NaN
3735,NaN
3740,NaN
3745,NaN
3750,NaN
3755,NaN
3760,NaN
3765,NaN
3770,NaN
3775,NaN
3780,NaN
3785,NaN
3790,NaN
3795,NaN
3800,NaN
3805,NaN
3810,NaN
3815,NaN
3820,NaN
3825,NaN
3830,NaN
3835,NaN
3840,NaN
3845,NaN
3850,NaN
3855,NaN
3860,NaN
3865,NaN
3870,NaN
3875,NaN
3880,NaN
3885,NaN
3890,NaN
3895,NaN
3900,NaN
3905,NaN
3910,NaN
3915,NaN
3920,NaN
3925,NaN
3930,NaN
3935,NaN
3940,NaN
3945,NaN
3950,NaN
3955,NaN
3960,NaN
3965,NaN
3970,NaN
3975,NaN
3980,NaN
3985,NaN
3990,NaN
3995,NaN
4000,NaN
4005,NaN
4010,NaN
4015,NaN
4020,NaN
4025,NaN
4030,NaN
4035,41.21821818
4040,NaN
4045,NaN
4050,NaN
4055,NaN
4060,NaN
4065,NaN
4070,NaN
4075,NaN
4080,NaN
4085,NaN
4090,NaN
4095,NaN
4100,NaN
4105,NaN
4110,NaN
4115,NaN
4120,NaN
4125,NaN
4130,NaN
4135,NaN
4140,NaN
4145,NaN
4150,NaN
4155,NaN
4160,NaN
4165,NaN
4170,NaN
4175,NaN
4180,NaN
4185,NaN
4190,NaN
4195,NaN
4200,NaN
4205,NaN
4210,NaN
4215,NaN
4220,NaN
4225,NaN
4230,NaN
4235,NaN
4240,NaN
4245,NaN
4250,NaN
4255,NaN
4260,NaN
4265,NaN
4270,NaN
4275,NaN
4280,NaN
4285,NaN
4290,NaN
4295,NaN
4300,NaN
4305,NaN
4310,NaN
4315,NaN
4320,NaN
4325,NaN
4330,NaN
4335,NaN
4340,NaN
4345,NaN
4350,NaN
4355,NaN
4360,NaN
4365,NaN
4370,NaN
4375,NaN
4380,NaN
4385,NaN
4390,NaN
4395,NaN
4400,NaN
4405,NaN
4410,NaN
4415,NaN
4420,NaN
4425,NaN
4430,NaN
4435,NaN
4440,NaN
4445,NaN
4450,NaN
4455,NaN
4460,NaN
4465,NaN
4470,NaN
4475,NaN
4480,NaN
4485,NaN
4490,NaN
4495,NaN
4500,NaN
4505,NaN
4510,NaN
4515,NaN
4520,NaN
4525,NaN
4530,NaN
4535,NaN
4540,NaN
4545,NaN
4550,NaN
4555,NaN
4560,NaN
4565,NaN
4570,NaN
4575,NaN
4580,NaN
4585,NaN
4590,NaN
4595,NaN
4600,NaN
4605,NaN
4610,NaN
4615,NaN
4620,NaN
4625,NaN
4630,NaN
4635,NaN
4640,NaN
4645,NaN
4650,NaN
4655,NaN
4660,NaN
4665,NaN
4670,NaN
4675,NaN
4680,NaN
4685,NaN
4690,NaN
4695,NaN
4700,NaN
4705,NaN
4710,NaN
4715,NaN
4720,NaN
4725,NaN
4730,NaN
4735,NaN
4740,NaN
4745,NaN
4750,NaN
4755,NaN
4760,NaN
4765,NaN
4770,NaN
4775,NaN
4780,NaN
4785,NaN
4790,NaN
4795,NaN
4800,NaN
4805,NaN
4810,NaN
4815,NaN
4820,NaN
4825,NaN
4830,NaN
4835,NaN
4840,NaN
4845,NaN
4850,NaN
4855,NaN
4860,NaN
4865,NaN
4870,NaN
4875,NaN
4880,NaN
4885,NaN
4890,NaN
4895,NaN
4900,49.70306667
4905,NaN
4910,NaN
4915,NaN
4920,NaN
4925,NaN
4930,NaN
4935,NaN
4940,NaN
4945,NaN
4950,NaN
4955,NaN
4960,NaN
4965,NaN
4970,NaN
4975,NaN
4980,NaN
4985,NaN
4990,NaN
4995,NaN
5000,NaN
5005,NaN
5010,NaN
5015,NaN
5020,NaN
5025,NaN
5030,NaN
5035,NaN
5040,NaN
5045,NaN
5050,NaN
5055,NaN
5060,NaN
5065,NaN
5070,NaN
5075,NaN
5080,NaN
5085,NaN
5090,NaN
5095,NaN
5100,NaN
5105,NaN
5110,NaN
5115,NaN
5120,NaN
5125,NaN
5130,NaN
5135,NaN
5140,NaN
5145,NaN
5150,NaN
5155,NaN
5160,NaN
5165,NaN
5170,NaN
5175,NaN
5180,NaN
5185,NaN
5190,NaN
5195,NaN
5200,NaN
5205,NaN
5210,NaN
5215,NaN
5220,NaN
5225,NaN
5230,NaN
5235,NaN
5240,NaN
5245,NaN
5250,NaN
5255,NaN
5260,NaN
5265,NaN
5270,NaN
5275,NaN
5280,NaN
5285,NaN
5290,NaN
5295,NaN
5300,NaN
5305,NaN
5310,NaN
5315,NaN
5320,NaN
5325,NaN
5330,NaN
5335,NaN
5340,NaN
5345,NaN
5350,NaN
5355,NaN
5360,NaN
5365,NaN
5370,NaN
5375,NaN
5380,NaN
5385,NaN
5390,NaN
5395,NaN
5400,NaN
5405,NaN
5410,NaN
5415,NaN
5420,NaN
5425,NaN
5430,NaN
5435,NaN
5440,NaN
5445,NaN
5450,NaN
5455,NaN
5460,NaN
5465,NaN
5470,NaN
5475,NaN
5480,NaN
5485,NaN
5490,NaN
5495,NaN
5500,NaN
5505,NaN
5510,NaN
5515,NaN
5520,NaN
5525,NaN
5530,NaN
5535,NaN
5540,NaN
5545,NaN
5550,NaN
5555,NaN
5560,NaN
5565,NaN
5570,NaN
5575,NaN
5580,NaN
5585,NaN
5590,NaN
5595,NaN
5600,NaN
5605,NaN
5610,NaN
5615,NaN
5620,NaN
5625,NaN
5630,NaN
5635,NaN
5640,NaN
5645,NaN
5650,NaN
5655,NaN
5660,NaN
5665,NaN
5670,NaN
5675,NaN
5680,NaN
5685,NaN
5690,NaN
5695,NaN
5700,NaN
5705,NaN
5710,NaN
5715,NaN
5720,NaN
5725,NaN
5730,53.94549091
5735,NaN
5740,NaN
5745,NaN
5750,NaN
5755,NaN
5760,NaN
5765,NaN
5770,NaN
5775,NaN
5780,NaN
5785,NaN
5790,NaN
5795,NaN
5800,NaN
5805,NaN
5810,NaN
5815,NaN
5820,NaN
5825,NaN
5830,NaN
5835,NaN
5840,NaN
5845,NaN
5850,NaN
5855,NaN
5860,NaN
5865,NaN
5870,NaN
5875,NaN
5880,NaN
5885,NaN
5890,NaN
5895,NaN
5900,NaN
5905,NaN
5910,NaN
5915,NaN
5920,NaN
5925,NaN
5930,NaN
5935,NaN
5940,NaN
5945,NaN
5950,NaN
5955,NaN
5960,NaN
5965,NaN
5970,NaN
5975,NaN
5980,NaN
5985,NaN
5990,NaN
5995,NaN
6000,NaN
6005,NaN
6010,NaN
6015,NaN
6020,NaN
6025,NaN
6030,NaN
6035,NaN
6040,NaN
6045,NaN
6050,NaN
6055,NaN
6060,NaN
6065,NaN
6070,NaN
6075,NaN
6080,NaN
6085,NaN
6090,NaN
6095,NaN
6100,NaN
6105,NaN
6110,NaN
6115,NaN
6120,NaN
6125,NaN
6130,NaN
6135,NaN
6140,NaN
6145,NaN
6150,NaN
6155,NaN
6160,NaN
6165,NaN
6170,NaN
6175,NaN
6180,NaN
6185,NaN
6190,NaN
6195,NaN
6200,NaN
6205,NaN
6210,NaN
6215,NaN
6220,NaN
6225,NaN
6230,NaN
6235,NaN
6240,NaN
6245,NaN
6250,NaN
6255,NaN
6260,NaN
6265,NaN
6270,NaN
6275,NaN
6280,NaN
6285,NaN
6290,NaN
6295,NaN
6300,NaN
6305,NaN
6310,NaN
6315,NaN
6320,NaN
6325,NaN
6330,NaN
6335,NaN
6340,NaN
6345,NaN
6350,NaN
6355,NaN
6360,NaN
6365,NaN
6370,NaN
6375,NaN
6380,NaN
6385,NaN
6390,NaN
6395,NaN
6400,NaN
6405,NaN
6410,NaN
6415,NaN
6420,NaN
6425,NaN
6430,NaN
6435,NaN
6440,NaN
6445,NaN
6450,NaN
6455,NaN
6460,NaN
6465,NaN
6470,NaN
6475,NaN
6480,NaN
6485,NaN
6490,NaN
6495,NaN
6500,NaN
6505,NaN
6510,NaN
6515,NaN
6520,NaN
6525,NaN
6530,NaN
6535,NaN
6540,NaN
6545,NaN
6550,NaN
6555,NaN
6560,NaN
6565,NaN
6570,NaN
6575,NaN
6580,NaN
6585,NaN
6590,NaN
6595,NaN
6600,NaN
6605,NaN
6610,NaN
6615,NaN
6620,NaN
6625,NaN
6630,NaN
6635,NaN
6640,NaN
6645,NaN
6650,55.5364
6655,NaN
6660,NaN
6665,NaN
6670,NaN
6675,NaN
6680,NaN
6685,NaN
6690,NaN
6695,NaN
6700,NaN
6705,NaN
6710,NaN
6715,NaN
6720,NaN
6725,NaN
6730,NaN
6735,NaN
6740,NaN
6745,NaN
6750,NaN
6755,NaN
6760,NaN
6765,NaN
6770,NaN
6775,NaN
6780,NaN
6785,NaN
6790,NaN
6795,NaN
6800,NaN
6805,NaN
6810,NaN
6815,NaN
6820,NaN
6825,NaN
6830,NaN
6835,NaN
6840,NaN
6845,NaN
6850,NaN
6855,NaN
6860,NaN
6865,NaN
6870,NaN
6875,NaN
6880,NaN
6885,NaN
6890,NaN
6895,NaN
6900,NaN
6905,NaN
6910,NaN
6915,NaN
6920,NaN
6925,NaN
6930,NaN
6935,NaN
6940,NaN
6945,NaN
6950,NaN
6955,NaN
6960,NaN
6965,NaN
6970,NaN
6975,NaN
6980,NaN
6985,NaN
6990,NaN
6995,NaN
7000,NaN
7005,NaN
7010,NaN
7015,NaN
7020,NaN
7025,NaN
7030,NaN
7035,NaN
7040,NaN
7045,NaN
7050,NaN
7055,NaN
7060,NaN
7065,NaN
7070,NaN
7075,NaN
7080,NaN
7085,NaN
7090,NaN
7095,NaN
7100,NaN
7105,NaN
7110,NaN
7115,NaN
7120,NaN
7125,NaN
7130,NaN
7135,NaN
7140,NaN
7145,NaN
7150,NaN
7155,NaN
7160,NaN
7165,NaN
7170,NaN
7175,NaN
7180,NaN
7185,NaN
7190,NaN
7195,NaN
7200,NaN
7205,NaN
7210,NaN
7215,NaN
7220,NaN
7225,NaN
7230,NaN
7235,NaN
7240,NaN
7245,NaN
7250,NaN
7255,NaN
7260,NaN
7265,NaN
7270,NaN
7275,NaN
7280,NaN
7285,NaN
7290,NaN
7295,NaN
7300,NaN
7305,NaN
7310,NaN
7315,NaN
7320,NaN
7325,NaN
7330,NaN
7335,NaN
7340,NaN
7345,NaN
7350,NaN
7355,NaN
7360,NaN
7365,NaN
7370,NaN
7375,NaN
7380,NaN
7385,NaN
7390,NaN
7395,NaN
7400,NaN
7405,NaN
7410,NaN
7415,NaN
7420,NaN
7425,NaN
7430,NaN
7435,NaN
7440,NaN
7445,NaN
7450,NaN
7455,59.79315676
7460,NaN
7465,NaN
7470,NaN
7475,NaN
7480,NaN
7485,NaN
7490,NaN
7495,NaN
7500,NaN
7505,NaN
7510,NaN
7515,NaN
7520,NaN
7525,NaN
7530,NaN
7535,NaN
7540,NaN
7545,NaN
7550,NaN
7555,NaN
7560,NaN
7565,NaN
7570,NaN
7575,NaN
7580,NaN
7585,NaN
7590,NaN
7595,NaN
7600,NaN
7605,NaN
7610,NaN
7615,NaN
7620,NaN
7625,NaN
7630,NaN
7635,NaN
7640,NaN
7645,NaN
7650,NaN
7655,NaN
7660,NaN
7665,NaN
7670,NaN
7675,NaN
7680,NaN
7685,NaN
7690,NaN
7695,NaN
7700,NaN
7705,NaN
7710,NaN
7715,NaN
7720,NaN
7725,NaN
7730,NaN
7735,NaN
7740,NaN
7745,NaN
7750,NaN
7755,NaN
7760,NaN
7765,NaN
7770,NaN
7775,NaN
7780,NaN
7785,NaN
7790,NaN
7795,NaN
7800,NaN
7805,NaN
7810,NaN
7815,NaN
7820,NaN
7825,NaN
7830,NaN
7835,NaN
7840,NaN
7845,NaN
7850,NaN
7855,NaN
7860,NaN
7865,NaN
7870,NaN
7875,NaN
7880,NaN
7885,NaN
7890,NaN
7895,NaN
7900,NaN
7905,NaN
7910,NaN
7915,NaN
7920,NaN
7925,NaN
7930,NaN
7935,NaN
7940,NaN
7945,NaN
7950,NaN
7955,NaN
7960,NaN
7965,NaN
7970,NaN
7975,NaN
7980,NaN
7985,NaN
7990,NaN
7995,NaN
8000,NaN
8005,NaN
8010,NaN
8015,NaN
8020,NaN
8025,NaN
8030,NaN
8035,NaN
8040,NaN
8045,NaN
8050,NaN
8055,NaN
8060,NaN
8065,NaN
8070,NaN
8075,NaN
8080,NaN
8085,NaN
8090,NaN
8095,NaN
8100,NaN
8105,NaN
8110,NaN
8115,NaN
8120,NaN
8125,NaN
8130,NaN
8135,NaN
8140,NaN
8145,NaN
8150,NaN
8155,NaN
8160,NaN
8165,NaN
8170,NaN
8175,NaN
8180,NaN
8185,NaN
8190,NaN
8195,NaN
8200,NaN
8205,NaN
8210,NaN
8215,NaN
8220,NaN
8225,NaN
8230,NaN
8235,NaN
8240,NaN
8245,NaN
8250,NaN
8255,NaN
8260,NaN
8265,NaN
8270,NaN
8275,NaN
8280,NaN
8285,NaN
8290,NaN
8295,NaN
8300,NaN
8305,NaN
8310,63.0364
8315,NaN
8320,NaN
8325,NaN
8330,NaN
8335,NaN
8340,NaN
8345,NaN
8350,NaN
8355,NaN
8360,NaN
8365,NaN
8370,NaN
8375,NaN
8380,NaN
8385,NaN
8390,NaN
8395,NaN
8400,NaN
8405,NaN
8410,NaN
8415,NaN
8420,NaN
8425,NaN
8430,NaN
8435,NaN
8440,NaN
8445,NaN
8450,NaN
8455,NaN
8460,NaN
8465,NaN
8470,NaN
8475,NaN
8480,NaN
8485,NaN
8490,NaN
8495,NaN
8500,NaN
8505,NaN
8510,NaN
8515,NaN
8520,NaN
8525,NaN
8530,NaN
8535,NaN
8540,NaN
8545,NaN
8550,NaN
8555,NaN
8560,NaN
8565,NaN
8570,NaN
8575,NaN
8580,NaN
8585,NaN
8590,NaN
8595,NaN
8600,NaN
8605,NaN
8610,NaN
8615,NaN
8620,NaN
8625,NaN
8630,NaN
8635,NaN
8640,NaN
8645,NaN
8650,NaN
8655,NaN
8660,NaN
8665,NaN
8670,NaN
8675,NaN
8680,NaN
8685,NaN
8690,NaN
8695,NaN
8700,NaN
8705,NaN
8710,NaN
8715,NaN
8720,NaN
8725,NaN
8730,NaN
8735,NaN
8740,NaN
8745,NaN
8750,NaN
8755,NaN
8760,NaN
8765,NaN
8770,NaN
8775,NaN
8780,NaN
8785,NaN
8790,NaN
8795,NaN
8800,NaN
8805,NaN
8810,NaN
8815,NaN
8820,NaN
8825,NaN
8830,NaN
8835,NaN
8840,NaN
8845,NaN
8850,NaN
8855,NaN
8860,NaN
8865,NaN
8870,NaN
8875,NaN
8880,NaN
8885,NaN
8890,NaN
8895,NaN
8900,NaN
8905,NaN
8910,NaN
8915,NaN
8920,NaN
8925,NaN
8930,NaN
8935,NaN
8940,NaN
8945,NaN
8950,NaN
8955,NaN
8960,NaN
8965,NaN
8970,NaN
8975,NaN
8980,NaN
8985,NaN
8990,NaN
8995,NaN
9000,NaN
9005,NaN
9010,NaN
9015,NaN
9020,NaN
9025,NaN
9030,NaN
9035,NaN
9040,NaN
9045,NaN
9050,NaN
9055,NaN
9060,NaN
9065,NaN
9070,NaN
9075,NaN
9080,NaN
9085,NaN
9090,NaN
9095,NaN
9100,NaN
9105,NaN
9110,NaN
9115,NaN
9120,NaN
9125,NaN
9130,NaN
9135,NaN
9140,NaN
9145,NaN
9150,NaN
9155,NaN
9160,NaN
9165,NaN
9170,NaN
9175,NaN
9180,NaN
9185,NaN
9190,NaN
9195,NaN
9200,NaN
9205,NaN
9210,NaN
9215,NaN
9220,NaN
9225,NaN
9230,NaN
9235,NaN
9240,NaN
9245,NaN
9250,NaN
9255,NaN
9260,NaN
9265,NaN
9270,NaN
9275,NaN
9280,NaN
9285,NaN
9290,NaN
9295,NaN
9300,NaN
9305,NaN
9310,NaN
9315,NaN
9320,NaN
9325,NaN
9330,NaN
9335,NaN
9340,NaN
9345,NaN
9350,NaN
9355,NaN
9360,NaN
9365,NaN
9370,NaN
9375,NaN
9380,NaN
9385,NaN
9390,NaN
9395,NaN
9400,66.67276364
9405,NaN
9410,NaN
9415,NaN
9420,NaN
9425,NaN
9430,NaN
9435,NaN
9440,NaN
9445,NaN
9450,NaN
9455,NaN
9460,NaN
9465,NaN
9470,NaN
9475,NaN
9480,NaN
9485,NaN
9490,NaN
9495,NaN
9500,NaN
9505,NaN
9510,NaN
9515,NaN
9520,NaN
9525,NaN
9530,NaN
9535,NaN
9540,NaN
9545,NaN
9550,NaN
9555,NaN
9560,NaN
9565,NaN
9570,NaN
9575,NaN
9580,NaN
9585,NaN
9590,NaN
9595,NaN
9600,NaN
9605,NaN
9610,NaN
9615,NaN
9620,NaN
9625,NaN
9630,NaN
9635,NaN
9640,NaN
9645,NaN
9650,NaN
9655,NaN
9660,NaN
9665,NaN
9670,NaN
9675,NaN
9680,NaN
9685,NaN
9690,NaN
9695,NaN
9700,NaN
9705,NaN
9710,NaN
9715,NaN
9720,NaN
9725,NaN
9730,NaN
9735,NaN
9740,NaN
9745,NaN
9750,NaN
9755,NaN
9760,NaN
9765,NaN
9770,NaN
9775,NaN
9780,NaN
9785,NaN
9790,NaN
9795,NaN
9800,NaN
9805,NaN
9810,NaN
9815,NaN
9820,NaN
9825,NaN
9830,NaN
9835,NaN
9840,NaN
9845,NaN
9850,NaN
9855,NaN
9860,NaN
9865,NaN
9870,NaN
9875,NaN
9880,NaN
9885,NaN
9890,NaN
9895,NaN
9900,NaN
9905,NaN
9910,NaN
9915,NaN
9920,NaN
9925,NaN
9930,NaN
9935,NaN
9940,NaN
9945,NaN
9950,NaN
9955,NaN
9960,NaN
9965,NaN
9970,NaN
9975,NaN
9980,NaN
9985,NaN
9990,NaN
9995,NaN
10000,NaN
10005,NaN
10010,NaN
10015,NaN
10020,NaN
10025,NaN
10030,NaN
10035,NaN
10040,NaN
10045,NaN
10050,NaN
10055,NaN
10060,NaN
10065,NaN
10070,NaN
10075,NaN
10080,NaN
10085,NaN
10090,NaN
10095,NaN
10100,NaN
10105,NaN
10110,NaN
10115,NaN
10120,NaN
10125,NaN
10130,NaN
10135,NaN
10140,NaN
10145,NaN
10150,NaN
10155,NaN
10160,NaN
10165,NaN
10170,NaN
10175,NaN
10180,NaN
10185,NaN
10190,NaN
10195,NaN
10200,NaN
10205,NaN
10210,NaN
10215,NaN
10220,NaN
10225,NaN
10230,NaN
10235,NaN
10240,NaN
10245,NaN
10250,NaN
10255,NaN
10260,NaN
10265,NaN
10270,NaN
10275,NaN
10280,NaN
10285,NaN
10290,NaN
10295,NaN
10300,68.6614
10305,NaN
10310,NaN
10315,NaN
10320,NaN
10325,NaN
10330,NaN
10335,NaN
10340,NaN
10345,NaN
10350,NaN
10355,NaN
10360,NaN
10365,NaN
10370,NaN
10375,NaN
10380,NaN
10385,NaN
10390,NaN
10395,NaN
10400,NaN
10405,NaN
10410,NaN
10415,NaN
10420,NaN
10425,NaN
10430,NaN
10435,NaN
10440,NaN
10445,NaN
10450,NaN
10455,NaN
10460,NaN
10465,NaN
10470,NaN
10475,NaN
10480,NaN
10485,NaN
10490,NaN
10495,NaN
10500,NaN
10505,NaN
10510,NaN
10515,NaN
10520,NaN
10525,NaN
10530,NaN
10535,NaN
10540,NaN
10545,NaN
10550,NaN
10555,NaN
10560,NaN
10565,NaN
10570,NaN
10575,NaN
10580,NaN
10585,NaN
10590,NaN
10595,NaN
10600,NaN
10605,NaN
10610,NaN
10615,NaN
10620,NaN
10625,NaN
10630,NaN
10635,NaN
10640,NaN
10645,NaN
10650,NaN
10655,NaN
10660,NaN
10665,NaN
10670,NaN
10675,NaN
10680,NaN
10685,NaN
10690,NaN
10695,NaN
10700,NaN
10705,NaN
10710,NaN
10715,NaN
10720,NaN
10725,NaN
10730,NaN
10735,NaN
10740,NaN
10745,NaN
10750,NaN
10755,NaN
10760,NaN
10765,NaN
10770,NaN
10775,NaN
10780,NaN
10785,NaN
10790,NaN
10795,NaN
10800,NaN
10805,NaN
10810,NaN
10815,NaN
10820,NaN
10825,NaN
10830,NaN
10835,NaN
10840,NaN
10845,NaN
10850,NaN
10855,NaN
10860,NaN
10865,NaN
10870,NaN
10875,NaN
10880,NaN
10885,NaN
10890,NaN
10895,NaN
10900,NaN
10905,NaN
10910,NaN
10915,NaN
10920,NaN
10925,NaN
10930,NaN
10935,NaN
10940,NaN
10945,NaN
10950,NaN
10955,NaN
10960,NaN
10965,NaN
10970,NaN
10975,NaN
10980,NaN
10985,NaN
10990,NaN
10995,NaN
11000,NaN
11005,NaN
11010,NaN
11015,NaN
11020,NaN
11025,NaN
11030,NaN
11035,NaN
11040,NaN
11045,NaN
11050,NaN
11055,NaN
11060,NaN
11065,NaN
11070,NaN
11075,NaN
11080,NaN
11085,NaN
11090,NaN
11095,NaN
11100,NaN
11105,NaN
11110,NaN
11115,NaN
11120,NaN
11125,NaN
11130,NaN
11135,NaN
11140,NaN
11145,NaN
11150,NaN
11155,NaN
11160,NaN
11165,NaN
11170,NaN
11175,NaN
11180,NaN
11185,NaN
11190,NaN
11195,NaN
11200,NaN
11205,NaN
11210,NaN
11215,NaN
11220,NaN
11225,NaN
11230,NaN
11235,NaN
11240,NaN
11245,NaN
11250,NaN
11255,NaN
11260,NaN
11265,NaN
11270,NaN
11275,NaN
11280,NaN
11285,NaN
11290,NaN
11295,NaN
11300,70.77833548
11305,NaN
11310,NaN
11315,NaN
11320,NaN
11325,NaN
11330,NaN
11335,NaN
11340,NaN
11345,NaN
11350,NaN
11355,NaN
11360,NaN
11365,NaN
11370,NaN
11375,NaN
11380,NaN
11385,NaN
11390,NaN
11395,NaN
11400,NaN
11405,NaN
11410,NaN
11415,NaN
11420,NaN
11425,NaN
11430,NaN
11435,NaN
11440,NaN
11445,NaN
11450,NaN
11455,NaN
11460,NaN
11465,NaN
11470,NaN
11475,NaN
11480,NaN
11485,NaN
11490,NaN
11495,NaN
11500,NaN
11505,NaN
11510,NaN
11515,NaN
11520,NaN
11525,NaN
11530,NaN
11535,NaN
11540,NaN
11545,NaN
11550,NaN
11555,NaN
11560,NaN
11565,NaN
11570,NaN
11575,NaN
11580,NaN
11585,NaN
11590,NaN
11595,NaN
11600,NaN
11605,NaN
11610,NaN
11615,NaN
11620,NaN
11625,NaN
11630,NaN
11635,NaN
11640,NaN
11645,NaN
11650,NaN
11655,NaN
11660,NaN
11665,NaN
11670,NaN
11675,NaN
11680,NaN
11685,NaN
11690,NaN
11695,NaN
11700,NaN
11705,NaN
11710,NaN
11715,NaN
11720,NaN
11725,NaN
11730,NaN
11735,NaN
11740,NaN
11745,NaN
11750,NaN
11755,NaN
11760,NaN
11765,NaN
11770,NaN
11775,NaN
11780,NaN
11785,NaN
11790,NaN
11795,NaN
11800,NaN
11805,NaN
11810,NaN
11815,NaN
11820,NaN
11825,NaN
11830,NaN
11835,NaN
11840,NaN
11845,NaN
11850,NaN
11855,NaN
11860,NaN
11865,NaN
11870,NaN
11875,NaN
11880,NaN
11885,NaN
11890,NaN
11895,NaN
11900,NaN
11905,NaN
11910,NaN
11915,NaN
11920,NaN
11925,NaN
11930,NaN
11935,NaN
11940,NaN
11945,NaN
11950,NaN
11955,NaN
11960,NaN
11965,NaN
11970,NaN
11975,NaN
11980,NaN
11985,NaN
11990,NaN
11995,NaN
12000,NaN
12005,NaN
12010,NaN
12015,NaN
12020,NaN
12025,NaN
12030,NaN
12035,NaN
12040,NaN
12045,NaN
12050,74.22284068
12055,NaN
12060,NaN
12065,NaN
12070,NaN
12075,NaN
12080,NaN
12085,NaN
12090,NaN
12095,NaN
12100,NaN
12105,NaN
12110,NaN
12115,NaN
12120,NaN
12125,NaN
12130,NaN
12135,NaN
12140,NaN
12145,NaN
12150,NaN
12155,NaN
12160,NaN
12165,NaN
12170,NaN
12175,NaN
12180,NaN
12185,NaN
12190,NaN
12195,NaN
12200,NaN
12205,NaN
12210,NaN
12215,NaN
12220,NaN
12225,NaN
12230,NaN
12235,NaN
12240,NaN
12245,NaN
12250,NaN
12255,NaN
12260,NaN
12265,NaN
12270,NaN
12275,NaN
12280,NaN
12285,NaN
12290,NaN
12295,NaN
12300,NaN
12305,NaN
12310,NaN
12315,NaN
12320,NaN
12325,NaN
12330,NaN
12335,NaN
12340,NaN
12345,NaN
12350,NaN
12355,NaN
12360,NaN
12365,NaN
12370,NaN
12375,NaN
12380,NaN
12385,NaN
12390,NaN
12395,NaN
12400,NaN
12405,NaN
12410,NaN
12415,NaN
12420,NaN
12425,NaN
12430,NaN
12435,NaN
12440,NaN
12445,NaN
12450,NaN
12455,NaN
12460,NaN
12465,NaN
12470,NaN
12475,NaN
12480,NaN
12485,NaN
12490,NaN
12495,NaN
12500,NaN
12505,NaN
12510,NaN
12515,NaN
12520,NaN
12525,NaN
12530,NaN
12535,NaN
12540,NaN
12545,NaN
12550,NaN
12555,NaN
12560,NaN
12565,NaN
12570,NaN
12575,NaN
12580,NaN
12585,NaN
12590,NaN
12595,NaN
12600,NaN
12605,NaN
12610,NaN
12615,NaN
12620,NaN
12625,NaN
12630,NaN
12635,NaN
12640,NaN
12645,NaN
12650,75.4501931
12655,NaN
12660,NaN
12665,NaN
12670,NaN
12675,NaN
12680,NaN
12685,NaN
12690,NaN
12695,NaN
12700,NaN
12705,NaN
12710,NaN
12715,NaN
12720,NaN
12725,NaN
12730,NaN
12735,NaN
12740,NaN
12745,NaN
12750,NaN
12755,NaN
12760,NaN
12765,NaN
12770,NaN
12775,NaN
12780,NaN
12785,NaN
12790,NaN
12795,NaN
12800,NaN
12805,NaN
12810,NaN
12815,NaN
12820,NaN
12825,NaN
12830,NaN
12835,NaN
12840,NaN
12845,NaN
12850,NaN
12855,NaN
12860,NaN
12865,NaN
12870,NaN
12875,NaN
12880,NaN
12885,NaN
12890,NaN
12895,NaN
12900,NaN
12905,NaN
12910,NaN
12915,NaN
12920,NaN
12925,NaN
12930,NaN
12935,NaN
12940,NaN
12945,NaN
12950,NaN
12955,NaN
12960,NaN
12965,NaN
12970,NaN
12975,NaN
12980,NaN
12985,NaN
12990,NaN
12995,NaN
13000,NaN
13005,NaN
13010,NaN
13015,NaN
13020,NaN
13025,NaN
13030,NaN
13035,NaN
13040,NaN
13045,NaN
13050,NaN
13055,NaN
13060,NaN
13065,NaN
13070,NaN
13075,NaN
13080,NaN
13085,NaN
13090,NaN
13095,NaN
13100,NaN
13105,NaN
13110,NaN
13115,NaN
13120,NaN
13125,NaN
13130,NaN
13135,NaN
13140,NaN
13145,NaN
13150,NaN
13155,NaN
13160,NaN
13165,NaN
13170,NaN
13175,NaN
13180,NaN
13185,NaN
13190,NaN
13195,NaN
13200,NaN
13205,NaN
13210,NaN
13215,NaN
13220,NaN
13225,NaN
13230,NaN
13235,NaN
13240,NaN
13245,NaN
13250,NaN
13255,NaN
13260,NaN
13265,NaN
13270,NaN
13275,NaN
13280,NaN
13285,NaN
13290,NaN
13295,NaN
13300,NaN
13305,NaN
13310,NaN
13315,NaN
13320,NaN
13325,NaN
13330,NaN
13335,NaN
13340,NaN
13345,NaN
13350,NaN
13355,NaN
13360,NaN
13365,NaN
13370,NaN
13375,NaN
13380,NaN
13385,NaN
13390,NaN
13395,NaN
13400,NaN
13405,NaN
13410,NaN
13415,NaN
13420,NaN
13425,NaN
13430,NaN
13435,NaN
13440,NaN
13445,NaN
13450,NaN
13455,NaN
13460,NaN
13465,NaN
13470,NaN
13475,NaN
13480,NaN
13485,NaN
13490,NaN
13495,NaN
13500,NaN
13505,NaN
13510,NaN
13515,NaN
13520,NaN
13525,NaN
13530,NaN
13535,NaN
13540,NaN
13545,NaN
13550,NaN
13555,NaN
13560,NaN
13565,NaN
13570,NaN
13575,NaN
13580,NaN
13585,NaN
13590,NaN
13595,NaN
13600,76.72061053
13605,NaN
13610,NaN
13615,NaN
13620,NaN
13625,NaN
13630,NaN
13635,NaN
13640,NaN
13645,NaN
13650,NaN
13655,NaN
13660,NaN
13665,NaN
13670,NaN
13675,NaN
13680,NaN
13685,NaN
13690,NaN
13695,NaN
13700,NaN
13705,NaN
13710,NaN
13715,NaN
13720,NaN
13725,NaN
13730,NaN
13735,NaN
13740,NaN
13745,NaN
13750,NaN
13755,NaN
13760,NaN
13765,NaN
13770,NaN
13775,NaN
13780,NaN
13785,NaN
13790,NaN
13795,NaN
13800,NaN
13805,NaN
13810,NaN
13815,NaN
13820,NaN
13825,NaN
13830,NaN
13835,NaN
13840,NaN
13845,NaN
13850,NaN
13855,NaN
13860,NaN
13865,NaN
13870,NaN
13875,NaN
13880,NaN
13885,NaN
13890,NaN
13895,NaN
13900,NaN
13905,NaN
13910,NaN
13915,NaN
13920,NaN
13925,NaN
13930,NaN
13935,NaN
13940,NaN
13945,NaN
13950,NaN
13955,NaN
13960,NaN
13965,NaN
13970,NaN
13975,NaN
13980,NaN
13985,NaN
13990,NaN
13995,NaN
14000,NaN
14005,NaN
14010,NaN
14015,NaN
14020,NaN
14025,NaN
14030,NaN
14035,NaN
14040,NaN
14045,NaN
14050,NaN
14055,NaN
14060,NaN
14065,NaN
14070,NaN
14075,NaN
14080,NaN
14085,NaN
14090,NaN
14095,NaN
14100,NaN
14105,NaN
14110,NaN
14115,NaN
14120,NaN
14125,NaN
14130,NaN
14135,NaN
14140,NaN
14145,NaN
14150,NaN
14155,NaN
14160,NaN
14165,NaN
14170,NaN
14175,NaN
14180,NaN
14185,NaN
14190,NaN
14195,NaN
14200,NaN
14205,NaN
14210,NaN
14215,NaN
14220,NaN
14225,NaN
14230,NaN
14235,NaN
14240,NaN
14245,NaN
14250,NaN
14255,NaN
14260,NaN
14265,NaN
14270,NaN
14275,NaN
14280,NaN
14285,NaN
14290,NaN
14295,NaN
14300,NaN
14305,NaN
14310,NaN
14315,NaN
14320,NaN
14325,NaN
14330,NaN
14335,NaN
14340,NaN
14345,NaN
14350,NaN
14355,NaN
14360,NaN
14365,NaN
14370,NaN
14375,NaN
14380,NaN
14385,NaN
14390,NaN
14395,NaN
14400,NaN
14405,NaN
14410,NaN
14415,NaN
14420,NaN
14425,NaN
14430,NaN
14435,NaN
14440,NaN
14445,NaN
14450,NaN
14455,NaN
14460,NaN
14465,NaN
14470,NaN
14475,NaN
14480,NaN
14485,NaN
14490,NaN
14495,NaN
14500,NaN
14505,NaN
14510,NaN
14515,NaN
14520,NaN
14525,NaN
14530,NaN
14535,NaN
14540,NaN
14545,NaN
14550,NaN
14555,NaN
14560,NaN
14565,NaN
14570,NaN
14575,NaN
14580,NaN
14585,NaN
14590,NaN
14595,NaN
14600,NaN
14605,NaN
14610,NaN
14615,NaN
14620,NaN
14625,NaN
14630,NaN
14635,NaN
14640,NaN
14645,NaN
14650,NaN
14655,NaN
14660,NaN
14665,NaN
14670,NaN
14675,NaN
14680,NaN
14685,NaN
14690,NaN
14695,NaN
14700,NaN
14705,NaN
14710,NaN
14715,NaN
14720,NaN
14725,NaN
14730,NaN
14735,NaN
14740,NaN
14745,NaN
14750,NaN
14755,NaN
14760,NaN
14765,NaN
14770,NaN
14775,NaN
14780,NaN
14785,NaN
14790,NaN
14795,NaN
14800,NaN
14805,NaN
14810,NaN
14815,NaN
14820,NaN
14825,NaN
14830,NaN
14835,NaN
14840,NaN
14845,NaN
14850,NaN
14855,NaN
14860,NaN
14865,NaN
14870,NaN
14875,NaN
14880,NaN
14885,NaN
14890,NaN
14895,NaN
14900,NaN
14905,NaN
14910,NaN
14915,NaN
14920,NaN
14925,NaN
14930,NaN
14935,NaN
14940,NaN
14945,NaN
14950,NaN
14955,NaN
14960,NaN
14965,NaN
14970,NaN
14975,NaN
14980,NaN
14985,NaN
14990,NaN
14995,NaN
15000,NaN
15005,NaN
15010,NaN
15015,NaN
15020,NaN
15025,NaN
15030,NaN
15035,NaN
15040,NaN
15045,NaN
15050,NaN
15055,NaN
15060,NaN
15065,NaN
15070,NaN
15075,NaN
15080,NaN
15085,NaN
15090,NaN
15095,NaN
15100,NaN
15105,NaN
15110,NaN
15115,NaN
15120,NaN
15125,NaN
15130,NaN
15135,NaN
15140,NaN
15145,NaN
15150,NaN
15155,NaN
15160,NaN
15165,NaN
15170,NaN
15175,NaN
15180,NaN
15185,NaN
15190,NaN
15195,NaN
15200,NaN
15205,NaN
15210,NaN
15215,NaN
15220,NaN
15225,NaN
15230,NaN
15235,NaN
15240,NaN
15245,NaN
15250,NaN
15255,NaN
15260,NaN
15265,NaN
15270,NaN
15275,NaN
15280,NaN
15285,NaN
15290,NaN
15295,NaN
15300,NaN
15305,NaN
15310,NaN
15315,NaN
15320,NaN
15325,NaN
15330,NaN
15335,NaN
15340,NaN
15345,NaN
15350,NaN
15355,NaN
15360,NaN
15365,NaN
15370,NaN
15375,NaN
15380,NaN
15385,NaN
15390,NaN
15395,NaN
15400,NaN
15405,NaN
15410,NaN
15415,NaN
15420,NaN
15425,NaN
15430,NaN
15435,NaN
15440,NaN
15445,NaN
15450,NaN
15455,NaN
15460,NaN
15465,NaN
15470,NaN
15475,NaN
15480,NaN
15485,NaN
15490,NaN
15495,NaN
15500,NaN
15505,NaN
15510,NaN
15515,NaN
15520,NaN
15525,NaN
15530,NaN
15535,NaN
15540,NaN
15545,NaN
15550,NaN
15555,NaN
15560,NaN
15565,NaN
15570,NaN
15575,NaN
15580,NaN
15585,NaN
15590,NaN
15595,NaN
15600,NaN
15605,NaN
15610,NaN
15615,NaN
15620,NaN
15625,NaN
15630,NaN
15635,NaN
15640,NaN
15645,NaN
15650,NaN
15655,NaN
15660,NaN
15665,NaN
15670,NaN
15675,NaN
15680,NaN
15685,NaN
15690,NaN
15695,NaN
15700,NaN
15705,NaN
15710,NaN
15715,NaN
15720,NaN
15725,NaN
15730,NaN
15735,NaN
15740,NaN
15745,NaN
15750,81.5410729
15755,NaN
15760,NaN
15765,NaN
15770,NaN
15775,NaN
15780,NaN
15785,NaN
15790,NaN
15795,NaN
15800,NaN
15805,NaN
15810,NaN
